"flight_number","scheduled_time","destination","terminal","date","hour","temperature","wind_direction","wind_speed","visibility","date_kind","congestion_level"
"3U7024","16:45",CAN,T1,"2025-07-21","16","30.5","150","5","9999","00",보통
"3U7032","15:15",CAN,T1,"2025-07-21","15","31.0","150","5","9999","00",보통
"3U7034","10:20",CAN,T1,"2025-07-21","10","31.0","150","5","9999","00",보통
"5J129","22:00",CEB,T1,"2025-07-21","22","27.5","150","5","9999","00",여유
"7C1103","10:35",NRT,T1,"2025-07-21","10","31.0","150","5","9999","00",보통
"7C1105","13:20",NRT,T1,"2025-07-21","13","31.0","150","5","9999","00",보통
"7C1107","15:05",NRT,T1,"2025-07-21","15","31.0","150","5","9999","00",보통
"7C1121","16:05",NRT,T1,"2025-07-21","16","30.5","150","5","9999","00",보통
"7C1201","11:10",NGO,T1,"2025-07-21","11","31.0","150","5","9999","00",보통
"7C1203","15:00",NGO,T1,"2025-07-21","15","31.0","150","5","9999","00",보통
"7C1305","17:00",KIX,T1,"2025-07-21","17","30.0","150","5","9999","00",보통
"7C1373","10:40",KIX,T1,"2025-07-21","10","31.0","150","5","9999","00",보통
"7C1385","11:05",KIX,T1,"2025-07-21","11","31.0","150","5","9999","00",보통
"7C1387","13:45",KIX,T1,"2025-07-21","13","31.0","150","5","9999","00",보통
"7C1405","15:30",FUK,T1,"2025-07-21","15","31.0","150","5","9999","00",보통
"7C1407","17:20",FUK,T1,"2025-07-21","17","30.0","150","5","9999","00",보통
"7C1503","12:20",CTS,T1,"2025-07-21","12","31.0","150","5","9999","00",보통
"7C1603","15:10",FSZ,T1,"2025-07-21","15","31.0","150","5","9999","00",보통
"7C1615","12:40",HIJ,T1,"2025-07-21","12","31.0","150","5","9999","00",보통
"7C1703","13:05",MYJ,T1,"2025-07-21","13","31.0","150","5","9999","00",보통
"7C1801","13:30",OKA,T1,"2025-07-21","13","31.0","150","5","9999","00",보통
"7C2103","19:05",MNL,T1,"2025-07-21","19","29.0","150","5","9999","00",보통
"7C2107","21:35",CRK,T1,"2025-07-21","21","28.0","150","5","9999","00",여유
"7C2113","20:50",CEB,T1,"2025-07-21","20","28.5","150","5","9999","00",보통
"7C2125","21:10",TAG,T1,"2025-07-21","21","28.0","150","5","9999","00",여유
"7C2177","22:15",CEB,T1,"2025-07-21","22","27.5","150","5","9999","00",여유
"7C2201","20:45",HAN,T1,"2025-07-21","20","28.5","150","5","9999","00",보통
"7C2211","10:40",DAD,T1,"2025-07-21","10","31.0","150","5","9999","00",보통
"7C2217","21:55",DAD,T1,"2025-07-21","21","28.0","150","5","9999","00",여유
"7C2275","21:15",DAD,T1,"2025-07-21","21","28.0","150","5","9999","00",여유
"7C2303","21:05",CXR,T1,"2025-07-21","21","28.0","150","5","9999","00",여유
"7C2307","21:25",CXR,T1,"2025-07-21","21","28.0","150","5","9999","00",여유
"7C2315","17:20",PQC,T1,"2025-07-21","17","30.0","150","5","9999","00",보통
"7C2401","19:45",VTE,T1,"2025-07-21","19","29.0","150","5","9999","00",보통
"7C2503","20:05",BKK,T1,"2025-07-21","20","28.5","150","5","9999","00",보통
"7C2515","18:00",CNX,T1,"2025-07-21","18","29.5","150","5","9999","00",보통
"7C2603","19:10",BKI,T1,"2025-07-21","19","29.0","150","5","9999","00",보통
"7C2711","15:40",DPS,T1,"2025-07-21","15","31.0","150","5","9999","00",보통
"7C3101","10:40",GUM,T1,"2025-07-21","10","31.0","150","5","9999","00",보통
"7C3107","20:20",GUM,T1,"2025-07-21","20","28.5","150","5","9999","00",보통
"7C3217","22:10",SPN,T1,"2025-07-21","22","27.5","150","5","9999","00",여유
"7C6001","11:00",MFM,T1,"2025-07-21","11","31.0","150","5","9999","00",보통
"7C8501","10:30",WEH,T1,"2025-07-21","10","31.0","150","5","9999","00",보통
"7C8503","15:35",WEH,T1,"2025-07-21","15","31.0","150","5","9999","00",보통
"7C8801","10:00",SJW,T1,"2025-07-21","10","31.0","150","5","9999","00",보통
"7C8903","15:50",YNJ,T1,"2025-07-21","15","31.0","150","5","9999","00",보통
AA280,"17:25",DFW,T1,"2025-07-21","17","30.0","150","5","9999","00",보통
AA8894,"15:10",HKG,T1,"2025-07-21","15","31.0","150","5","9999","00",보통
AA8912,"20:05",HKG,T1,"2025-07-21","20","28.5","150","5","9999","00",보통
AC062,"19:05",YYZ,T1,"2025-07-21","19","29.0","150","5","9999","00",보통
AC064,"17:45",YVR,T1,"2025-07-21","17","30.0","150","5","9999","00",보통
AC6534,"19:45",TPE,T1,"2025-07-21","19","29.0","150","5","9999","00",보통
AC6538,"20:45",KHH,T1,"2025-07-21","20","28.5","150","5","9999","00",보통
AC6973,"18:50",DAD,T1,"2025-07-21","18","29.5","150","5","9999","00",보통
AC6974,"19:20",KIX,T1,"2025-07-21","19","29.0","150","5","9999","00",보통
AC6982,"19:25",SGN,T1,"2025-07-21","19","29.0","150","5","9999","00",보통
AC6984,"19:30",HAN,T1,"2025-07-21","19","29.0","150","5","9999","00",보통
AC6994,"16:10",SIN,T1,"2025-07-21","16","30.5","150","5","9999","00",보통
AC6996,"19:30",BKK,T1,"2025-07-21","19","29.0","150","5","9999","00",보통
AC6998,"18:20",FUK,T1,"2025-07-21","18","29.5","150","5","9999","00",보통
AF3112,"22:25",AMS,T2,"2025-07-21","22","27.5","150","5","9999","00",여유
AF4160,"12:35",TPE,T2,"2025-07-21","12","31.0","150","5","9999","00",여유
AF5093,"11:10",CDG,T2,"2025-07-21","11","31.0","150","5","9999","00",여유
AF5366,"20:30",HND,T2,"2025-07-21","20","28.5","150","5","9999","00",여유
AF5368,"17:10",PUS,T2,"2025-07-21","17","30.0","150","5","9999","00",보통
AF5373,"10:05",CTS,T2,"2025-07-21","10","31.0","150","5","9999","00",여유
AF5376,"10:10",NRT,T2,"2025-07-21","10","31.0","150","5","9999","00",여유
AF5389,"19:00",KIX,T2,"2025-07-21","19","29.0","150","5","9999","00",여유
AF7876,"19:10",SYD,T2,"2025-07-21","19","29.0","150","5","9999","00",여유
AF7880,"20:05",BNE,T2,"2025-07-21","20","28.5","150","5","9999","00",여유
AF7883,"19:30",TAE,T2,"2025-07-21","19","29.0","150","5","9999","00",여유
AF7894,"18:40",FUK,T2,"2025-07-21","18","29.5","150","5","9999","00",여유
AF7904,"17:05",NRT,T2,"2025-07-21","17","30.0","150","5","9999","00",보통
AF7906,"17:45",DPS,T2,"2025-07-21","17","30.0","150","5","9999","00",보통
AF7907,"18:50",NGO,T2,"2025-07-21","18","29.5","150","5","9999","00",여유
AF7909,"10:35",NGO,T2,"2025-07-21","10","31.0","150","5","9999","00",여유
AI8167,"16:45",SIN,T1,"2025-07-21","16","30.5","150","5","9999","00",보통
AI8173,"11:20",SIN,T1,"2025-07-21","11","31.0","150","5","9999","00",보통
AM091,"11:40",MEX,T2,"2025-07-21","11","31.0","150","5","9999","00",여유
AM6700,"18:35",NRT,T2,"2025-07-21","18","29.5","150","5","9999","00",여유
AM6702,"14:30",LAX,T2,"2025-07-21","14","31.0","150","5","9999","00",여유
AM6704,"20:25",LAX,T2,"2025-07-21","20","28.5","150","5","9999","00",여유
AM6705,"13:00",NRT,T2,"2025-07-21","13","31.0","150","5","9999","00",여유
AM6750,"10:10",NRT,T2,"2025-07-21","10","31.0","150","5","9999","00",여유
AM6752,"17:05",NRT,T2,"2025-07-21","17","30.0","150","5","9999","00",보통
AS8460,"21:25",HNL,T1,"2025-07-21","21","28.0","150","5","9999","00",여유
AY042,"21:50",HEL,T1,"2025-07-21","21","28.0","150","5","9999","00",여유
AY6425,"21:50",SYD,T1,"2025-07-21","21","28.0","150","5","9999","00",여유
AZ2780,"18:25",PUS,T2,"2025-07-21","18","29.5","150","5","9999","00",여유
AZ2782,"19:30",TAE,T2,"2025-07-21","19","29.0","150","5","9999","00",여유
AZ2784,"19:00",KIX,T2,"2025-07-21","19","29.0","150","5","9999","00",여유
AZ2786,"18:50",NGO,T2,"2025-07-21","18","29.5","150","5","9999","00",여유
AZ2788,"18:40",FUK,T2,"2025-07-21","18","29.5","150","5","9999","00",여유
AZ2790,"10:05",CTS,T2,"2025-07-21","10","31.0","150","5","9999","00",여유
AZ7685,"13:40",MXP,T2,"2025-07-21","13","31.0","150","5","9999","00",여유
AZ7687,"13:20",FCO,T2,"2025-07-21","13","31.0","150","5","9999","00",여유
BR153,"13:45",TPE,T1,"2025-07-21","13","31.0","150","5","9999","00",보통
BR159,"19:45",TPE,T1,"2025-07-21","19","29.0","150","5","9999","00",보통
BR169,"12:00",TPE,T1,"2025-07-21","12","31.0","150","5","9999","00",보통
BR171,"20:45",KHH,T1,"2025-07-21","20","28.5","150","5","9999","00",보통
BR2147,"10:15",TPE,T1,"2025-07-21","10","31.0","150","5","9999","00",보통
BR2149,"14:20",TPE,T1,"2025-07-21","14","31.0","150","5","9999","00",보통
BX158,"11:25",FUK,T1,"2025-07-21","11","31.0","150","5","9999","00",보통
BX166,"15:50",NRT,T1,"2025-07-21","15","31.0","150","5","9999","00",보통
BX174,"12:40",KIX,T1,"2025-07-21","12","31.0","150","5","9999","00",보통
BX176,"15:25",KIX,T1,"2025-07-21","15","31.0","150","5","9999","00",보통
BX747,"17:15",BKK,T1,"2025-07-21","17","30.0","150","5","9999","00",보통
BX787,"21:30",CXR,T1,"2025-07-21","21","28.0","150","5","9999","00",여유
CA124,"13:05",PEK,T1,"2025-07-21","13","31.0","150","5","9999","00",보통
CA126,"17:50",PEK,T1,"2025-07-21","17","30.0","150","5","9999","00",보통
CA132,"15:30",PKX,T1,"2025-07-21","15","31.0","150","5","9999","00",보통
CA136,"14:40",PEK,T1,"2025-07-21","14","31.0","150","5","9999","00",보통
CA140,"13:45",HGH,T1,"2025-07-21","13","31.0","150","5","9999","00",보통
CA144,"14:20",YNJ,T1,"2025-07-21","14","31.0","150","5","9999","00",보통
CA172,"13:10",TSN,T1,"2025-07-21","13","31.0","150","5","9999","00",보통
CA3844,"14:40",SZX,T1,"2025-07-21","14","31.0","150","5","9999","00",보통
CA3862,"16:40",SZX,T1,"2025-07-21","16","30.5","150","5","9999","00",보통
CA402,"14:55",TFU,T1,"2025-07-21","14","31.0","150","5","9999","00",보통
CA440,"14:10",CKG,T1,"2025-07-21","14","31.0","150","5","9999","00",보통
CA5004,"12:50",PEK,T1,"2025-07-21","12","31.0","150","5","9999","00",보통
CA5006,"14:50",PEK,T1,"2025-07-21","14","31.0","150","5","9999","00",보통
CA5018,"12:30",HGH,T1,"2025-07-21","12","31.0","150","5","9999","00",보통
CA5024,"20:00",TFU,T1,"2025-07-21","20","28.5","150","5","9999","00",보통
CA710,"10:50",PEK,T1,"2025-07-21","10","31.0","150","5","9999","00",보통
CA740,"14:25",WNZ,T1,"2025-07-21","14","31.0","150","5","9999","00",보통
CA8856,"14:00",TAO,T1,"2025-07-21","14","31.0","150","5","9999","00",보통
CA8860,"16:45",TAO,T1,"2025-07-21","16","30.5","150","5","9999","00",보통
CA8874,"11:45",TNA,T1,"2025-07-21","11","31.0","150","5","9999","00",보통
CA8876,"23:40",TNA,T1,"2025-07-21","23","27.0","150","5","9999","00",여유
CA8878,"22:15",YNT,T1,"2025-07-21","22","27.5","150","5","9999","00",여유
CA8880,"21:45",TAO,T1,"2025-07-21","21","28.0","150","5","9999","00",여유
CA8882,"22:55",TAO,T1,"2025-07-21","22","27.5","150","5","9999","00",여유
CA8888,"12:15",TAO,T1,"2025-07-21","12","31.0","150","5","9999","00",보통
CA8892,"15:30",TAO,T1,"2025-07-21","15","31.0","150","5","9999","00",보통
CI161,"12:35",TPE,T2,"2025-07-21","12","31.0","150","5","9999","00",여유
CI163,"20:35",TPE,T2,"2025-07-21","20","28.5","150","5","9999","00",여유
CI165,"12:05",KHH,T2,"2025-07-21","12","31.0","150","5","9999","00",여유
CI9065,"10:30",TPE,T2,"2025-07-21","10","31.0","150","5","9999","00",여유
CI9067,"16:10",TPE,T2,"2025-07-21","16","30.5","150","5","9999","00",여유
CI9554,"21:25",HNL,T1,"2025-07-21","21","28.0","150","5","9999","00",여유
CM8000,"14:40",LAX,T1,"2025-07-21","14","31.0","150","5","9999","00",보통
CM8001,"20:40",LAX,T1,"2025-07-21","20","28.5","150","5","9999","00",보통
CM8021,"21:05",JFK,T1,"2025-07-21","21","28.0","150","5","9999","00",여유
CX411,"15:10",HKG,T1,"2025-07-21","15","31.0","150","5","9999","00",보통
CX417,"10:10",HKG,T1,"2025-07-21","10","31.0","150","5","9999","00",보통
CX419,"20:05",HKG,T1,"2025-07-21","20","28.5","150","5","9999","00",보통
CX439,"13:40",HKG,T1,"2025-07-21","13","31.0","150","5","9999","00",보통
CX5619,"12:45",HKG,T1,"2025-07-21","12","31.0","150","5","9999","00",보통
CX5627,"22:30",HKG,T1,"2025-07-21","22","27.5","150","5","9999","00",여유
CX6232,"11:10",ALA,T1,"2025-07-21","11","31.0","150","5","9999","00",보통
CZ3062,"16:45",CAN,T1,"2025-07-21","16","30.5","150","5","9999","00",보통
CZ3090,"14:50",SZX,T1,"2025-07-21","14","31.0","150","5","9999","00",보통
CZ314,"12:35",PVG,T1,"2025-07-21","12","31.0","150","5","9999","00",보통
CZ338,"15:15",CAN,T1,"2025-07-21","15","31.0","150","5","9999","00",보통
CZ340,"10:20",CAN,T1,"2025-07-21","10","31.0","150","5","9999","00",보통
CZ370,"21:30",PVG,T1,"2025-07-21","21","28.0","150","5","9999","00",여유
CZ6010,"21:15",CGO,T1,"2025-07-21","21","28.0","150","5","9999","00",여유
CZ6074,"14:35",YNJ,T1,"2025-07-21","14","31.0","150","5","9999","00",보통
CZ672,"21:50",SHE,T1,"2025-07-21","21","28.0","150","5","9999","00",여유
CZ676,"22:40",DLC,T1,"2025-07-21","22","27.5","150","5","9999","00",여유
CZ682,"12:45",SHE,T1,"2025-07-21","12","31.0","150","5","9999","00",보통
CZ684,"19:55",HRB,T1,"2025-07-21","19","29.0","150","5","9999","00",보통
CZ686,"11:25",DLC,T1,"2025-07-21","11","31.0","150","5","9999","00",보통
CZ688,"13:20",CGQ,T1,"2025-07-21","13","31.0","150","5","9999","00",보통
CZ696,"17:30",DLC,T1,"2025-07-21","17","30.0","150","5","9999","00",보통
CZ8172,"21:55",CGQ,T1,"2025-07-21","21","28.0","150","5","9999","00",여유
D7507,"20:20",KUL,T1,"2025-07-21","20","28.5","150","5","9999","00",보통
DL026,"18:50",ATL,T2,"2025-07-21","18","29.5","150","5","9999","00",여유
DL158,"10:15",DTW,T2,"2025-07-21","10","31.0","150","5","9999","00",여유
DL170,"18:40",MSP,T2,"2025-07-21","18","29.5","150","5","9999","00",여유
DL188,"16:25",ATL,T2,"2025-07-21","16","30.5","150","5","9999","00",여유
DL7718,"12:35",TPE,T2,"2025-07-21","12","31.0","150","5","9999","00",여유
DL7720,"20:35",TPE,T2,"2025-07-21","20","28.5","150","5","9999","00",여유
DL7773,"19:45",HKG,T2,"2025-07-21","19","29.0","150","5","9999","00",여유
DL7775,"10:30",TPE,T2,"2025-07-21","10","31.0","150","5","9999","00",여유
DL7777,"16:10",TPE,T2,"2025-07-21","16","30.5","150","5","9999","00",여유
DL7779,"10:10",NRT,T2,"2025-07-21","10","31.0","150","5","9999","00",여유
DL7781,"18:35",NRT,T2,"2025-07-21","18","29.5","150","5","9999","00",여유
DL7783,"19:00",KIX,T2,"2025-07-21","19","29.0","150","5","9999","00",여유
DL7787,"15:05",KIX,T2,"2025-07-21","15","31.0","150","5","9999","00",여유
DL7791,"10:35",NGO,T2,"2025-07-21","10","31.0","150","5","9999","00",여유
DL7793,"18:50",NGO,T2,"2025-07-21","18","29.5","150","5","9999","00",여유
DL7797,"18:40",FUK,T2,"2025-07-21","18","29.5","150","5","9999","00",여유
DL7799,"13:45",FUK,T2,"2025-07-21","13","31.0","150","5","9999","00",여유
DL7803,"16:10",DPS,T2,"2025-07-21","16","30.5","150","5","9999","00",여유
DL7807,"18:45",HAN,T2,"2025-07-21","18","29.5","150","5","9999","00",여유
DL7811,"18:20",DAD,T2,"2025-07-21","18","29.5","150","5","9999","00",여유
DL7813,"20:00",CXR,T2,"2025-07-21","20","28.5","150","5","9999","00",여유
DL7819,"14:45",SIN,T2,"2025-07-21","14","31.0","150","5","9999","00",여유
DL7821,"18:40",SIN,T2,"2025-07-21","18","29.5","150","5","9999","00",여유
DL7823,"23:35",SIN,T2,"2025-07-21","23","27.0","150","5","9999","00",여유
DL7825,"21:15",BKK,T2,"2025-07-21","21","28.0","150","5","9999","00",여유
DL7831,"21:00",LAS,T2,"2025-07-21","21","28.0","150","5","9999","00",여유
DL7833,"20:25",LAX,T2,"2025-07-21","20","28.5","150","5","9999","00",여유
DL7835,"14:30",LAX,T2,"2025-07-21","14","31.0","150","5","9999","00",여유
DL7837,"16:40",SEA,T2,"2025-07-21","16","30.5","150","5","9999","00",여유
DL7841,"10:00",JFK,T2,"2025-07-21","10","31.0","150","5","9999","00",여유
DL7843,"19:30",JFK,T2,"2025-07-21","19","29.0","150","5","9999","00",여유
DL7845,"19:30",TAE,T2,"2025-07-21","19","29.0","150","5","9999","00",여유
DL7852,"18:05",BKK,T2,"2025-07-21","18","29.5","150","5","9999","00",여유
DL7857,"10:25",IAD,T2,"2025-07-21","10","31.0","150","5","9999","00",여유
DL7860,"16:00",SFO,T2,"2025-07-21","16","30.5","150","5","9999","00",여유
DL7863,"10:40",ORD,T2,"2025-07-21","10","31.0","150","5","9999","00",여유
DL7871,"18:50",PNH,T2,"2025-07-21","18","29.5","150","5","9999","00",여유
DL7872,"17:45",DPS,T2,"2025-07-21","17","30.0","150","5","9999","00",보통
DL7879,"18:25",PUS,T2,"2025-07-21","18","29.5","150","5","9999","00",여유
DL7887,"19:35",PUS,T2,"2025-07-21","19","29.0","150","5","9999","00",여유
DL7889,"17:10",PUS,T2,"2025-07-21","17","30.0","150","5","9999","00",보통
DL7895,"13:00",NRT,T2,"2025-07-21","13","31.0","150","5","9999","00",여유
DL7897,"17:05",NRT,T2,"2025-07-21","17","30.0","150","5","9999","00",보통
DL7898,"10:05",CTS,T2,"2025-07-21","10","31.0","150","5","9999","00",여유
DL7903,"10:20",MFM,T2,"2025-07-21","10","31.0","150","5","9999","00",여유
DL7909,"13:25",HKG,T2,"2025-07-21","13","31.0","150","5","9999","00",여유
DL7911,"16:20",KUL,T2,"2025-07-21","16","30.5","150","5","9999","00",여유
DL7913,"15:10",CGK,T2,"2025-07-21","15","31.0","150","5","9999","00",여유
DL7917,"19:45",BKK,T2,"2025-07-21","19","29.0","150","5","9999","00",여유
DL7919,"19:45",SGN,T2,"2025-07-21","19","29.0","150","5","9999","00",여유
DL7924,"18:25",CNX,T2,"2025-07-21","18","29.5","150","5","9999","00",여유
DL7925,"18:45",SGN,T2,"2025-07-21","18","29.5","150","5","9999","00",여유
DL7929,"17:50",HKT,T2,"2025-07-21","17","30.0","150","5","9999","00",보통
DL7933,"12:35",CTS,T2,"2025-07-21","12","31.0","150","5","9999","00",여유
DL7939,"21:05",HNL,T2,"2025-07-21","21","28.0","150","5","9999","00",여유
EK323,"23:55",DXB,T1,"2025-07-21","23","27.0","150","5","9999","00",여유
EK325,"22:45",DXB,T1,"2025-07-21","22","27.5","150","5","9999","00",여유
EK3483,"13:25",DXB,T2,"2025-07-21","13","31.0","150","5","9999","00",여유
ET1290,"19:20",KIX,T1,"2025-07-21","19","29.0","150","5","9999","00",보통
ET1298,"19:30",BKK,T1,"2025-07-21","19","29.0","150","5","9999","00",보통
ET1444,"18:20",FUK,T1,"2025-07-21","18","29.5","150","5","9999","00",보통
ET672,"17:40",NRT,T1,"2025-07-21","17","30.0","150","5","9999","00",보통
EY823,"18:30",AUH,T1,"2025-07-21","18","29.5","150","5","9999","00",보통
EY8442,"18:20",FUK,T1,"2025-07-21","18","29.5","150","5","9999","00",보통
EY8449,"14:05",KIX,T1,"2025-07-21","14","31.0","150","5","9999","00",보통
EY8450,"19:20",KIX,T1,"2025-07-21","19","29.0","150","5","9999","00",보통
EY8454,"15:45",NRT,T1,"2025-07-21","15","31.0","150","5","9999","00",보통
EY8455,"18:30",NRT,T1,"2025-07-21","18","29.5","150","5","9999","00",보통
EY8462,"20:10",SYD,T1,"2025-07-21","20","28.5","150","5","9999","00",보통
EY8464,"19:25",SGN,T1,"2025-07-21","19","29.0","150","5","9999","00",보통
EY8467,"12:30",FUK,T1,"2025-07-21","12","31.0","150","5","9999","00",보통
EY8471,"16:00",NGO,T1,"2025-07-21","16","30.5","150","5","9999","00",보통
EY8475,"16:05",KIX,T1,"2025-07-21","16","30.5","150","5","9999","00",보통
FM3068,"12:55",PVG,T1,"2025-07-21","12","31.0","150","5","9999","00",보통
FM3072,"16:20",PVG,T1,"2025-07-21","16","30.5","150","5","9999","00",보통
FM3078,"12:00",TAO,T1,"2025-07-21","12","31.0","150","5","9999","00",보통
FM3080,"13:10",TAO,T1,"2025-07-21","13","31.0","150","5","9999","00",보통
FM3082,"14:15",XIY,T1,"2025-07-21","14","31.0","150","5","9999","00",보통
FM3084,"16:35",TAO,T1,"2025-07-21","16","30.5","150","5","9999","00",보통
FM828,"18:25",PVG,T1,"2025-07-21","18","29.5","150","5","9999","00",보통
FM8754,"18:55",PVG,T2,"2025-07-21","18","29.5","150","5","9999","00",여유
FM8756,"11:10",PVG,T2,"2025-07-21","11","31.0","150","5","9999","00",여유
GA871,"11:25",DPS,T2,"2025-07-21","11","31.0","150","5","9999","00",여유
GA879,"10:35",CGK,T2,"2025-07-21","10","31.0","150","5","9999","00",여유
GA9727,"15:10",CGK,T2,"2025-07-21","15","31.0","150","5","9999","00",여유
GA9961,"16:10",DPS,T2,"2025-07-21","16","30.5","150","5","9999","00",여유
GA9965,"17:45",DPS,T2,"2025-07-21","17","30.0","150","5","9999","00",보통
GS7994,"13:05",TSN,T1,"2025-07-21","13","31.0","150","5","9999","00",보통
H19753,"19:05",MNL,T1,"2025-07-21","19","29.0","150","5","9999","00",보통
H19758,"10:40",KIX,T1,"2025-07-21","10","31.0","150","5","9999","00",보통
H19761,"16:05",NRT,T1,"2025-07-21","16","30.5","150","5","9999","00",보통
H19789,"20:50",CEB,T1,"2025-07-21","20","28.5","150","5","9999","00",보통
H19790,"11:10",NGO,T1,"2025-07-21","11","31.0","150","5","9999","00",보통
H19802,"10:35",NRT,T1,"2025-07-21","10","31.0","150","5","9999","00",보통
H19804,"13:20",NRT,T1,"2025-07-21","13","31.0","150","5","9999","00",보통
H19814,"17:00",KIX,T1,"2025-07-21","17","30.0","150","5","9999","00",보통
H19816,"15:00",NGO,T1,"2025-07-21","15","31.0","150","5","9999","00",보통
H19823,"21:10",TAG,T1,"2025-07-21","21","28.0","150","5","9999","00",여유
H19825,"20:45",HAN,T1,"2025-07-21","20","28.5","150","5","9999","00",보통
H19831,"15:30",FUK,T1,"2025-07-21","15","31.0","150","5","9999","00",보통
H19837,"10:40",DAD,T1,"2025-07-21","10","31.0","150","5","9999","00",보통
H19841,"13:05",MYJ,T1,"2025-07-21","13","31.0","150","5","9999","00",보통
H19843,"13:30",OKA,T1,"2025-07-21","13","31.0","150","5","9999","00",보통
H19847,"21:55",DAD,T1,"2025-07-21","21","28.0","150","5","9999","00",여유
H19855,"21:35",CRK,T1,"2025-07-21","21","28.0","150","5","9999","00",여유
H19882,"12:20",CTS,T1,"2025-07-21","12","31.0","150","5","9999","00",보통
H19889,"17:20",PQC,T1,"2025-07-21","17","30.0","150","5","9999","00",보통
H19891,"15:50",YNJ,T1,"2025-07-21","15","31.0","150","5","9999","00",보통
H19899,"10:30",WEH,T1,"2025-07-21","10","31.0","150","5","9999","00",보통
H19905,"15:05",NRT,T1,"2025-07-21","15","31.0","150","5","9999","00",보통
H19910,"17:20",FUK,T1,"2025-07-21","17","30.0","150","5","9999","00",보통
H19914,"18:00",CNX,T1,"2025-07-21","18","29.5","150","5","9999","00",보통
H19918,"19:10",BKI,T1,"2025-07-21","19","29.0","150","5","9999","00",보통
H19929,"15:10",FSZ,T1,"2025-07-21","15","31.0","150","5","9999","00",보통
H19950,"15:40",DPS,T1,"2025-07-21","15","31.0","150","5","9999","00",보통
H19960,"11:00",MFM,T1,"2025-07-21","11","31.0","150","5","9999","00",보통
H19978,"10:00",SJW,T1,"2025-07-21","10","31.0","150","5","9999","00",보통
H19983,"19:45",VTE,T1,"2025-07-21","19","29.0","150","5","9999","00",보통
H19984,"20:05",BKK,T1,"2025-07-21","20","28.5","150","5","9999","00",보통
H19988,"12:40",HIJ,T1,"2025-07-21","12","31.0","150","5","9999","00",보통
HA2571,"12:35",TPE,T2,"2025-07-21","12","31.0","150","5","9999","00",여유
HA2573,"20:35",TPE,T2,"2025-07-21","20","28.5","150","5","9999","00",여유
HA460,"21:25",HNL,T1,"2025-07-21","21","28.0","150","5","9999","00",여유
HA6011,"19:45",BKK,T2,"2025-07-21","19","29.0","150","5","9999","00",여유
HA6019,"21:05",HNL,T2,"2025-07-21","21","28.0","150","5","9999","00",여유
HH822,"12:35",TAS,T1,"2025-07-21","12","31.0","150","5","9999","00",보통
HO3101,"12:30",HGH,T1,"2025-07-21","12","31.0","150","5","9999","00",보통
HO3103,"12:30",NKG,T1,"2025-07-21","12","31.0","150","5","9999","00",보통
HO3107,"14:00",PVG,T1,"2025-07-21","14","31.0","150","5","9999","00",보통
HO3109,"20:00",PVG,T1,"2025-07-21","20","28.5","150","5","9999","00",보통
HO3111,"10:45",PVG,T1,"2025-07-21","10","31.0","150","5","9999","00",보통
HU450,"21:50",HAK,T1,"2025-07-21","21","28.0","150","5","9999","00",여유
HX1565,"19:50",HKG,T1,"2025-07-21","19","29.0","150","5","9999","00",보통
HX629,"14:50",HKG,T1,"2025-07-21","14","31.0","150","5","9999","00",보통
HY512,"10:10",TAS,T1,"2025-07-21","10","31.0","150","5","9999","00",보통
JD378,"21:25",SYX,T1,"2025-07-21","21","28.0","150","5","9999","00",여유
JL5152,"12:35",CTS,T2,"2025-07-21","12","31.0","150","5","9999","00",여유
JL5202,"10:10",NRT,T2,"2025-07-21","10","31.0","150","5","9999","00",여유
JL5206,"18:35",NRT,T2,"2025-07-21","18","29.5","150","5","9999","00",여유
JL5208,"10:05",CTS,T2,"2025-07-21","10","31.0","150","5","9999","00",여유
JL5212,"15:05",KIX,T2,"2025-07-21","15","31.0","150","5","9999","00",여유
JL5214,"19:00",KIX,T2,"2025-07-21","19","29.0","150","5","9999","00",여유
JL5216,"10:35",NGO,T2,"2025-07-21","10","31.0","150","5","9999","00",여유
JL5218,"18:50",NGO,T2,"2025-07-21","18","29.5","150","5","9999","00",여유
JL5222,"13:45",FUK,T2,"2025-07-21","13","31.0","150","5","9999","00",여유
JL5224,"18:40",FUK,T2,"2025-07-21","18","29.5","150","5","9999","00",여유
JL5250,"13:00",NRT,T2,"2025-07-21","13","31.0","150","5","9999","00",여유
JL5252,"17:05",NRT,T2,"2025-07-21","17","30.0","150","5","9999","00",보통
JL5256,"20:30",HND,T2,"2025-07-21","20","28.5","150","5","9999","00",여유
JQ048,"21:50",SYD,T1,"2025-07-21","21","28.0","150","5","9999","00",여유
KC577,"18:15",ALA,T1,"2025-07-21","18","29.5","150","5","9999","00",보통
KC910,"11:10",ALA,T1,"2025-07-21","11","31.0","150","5","9999","00",보통
KE005,"21:00",LAS,T2,"2025-07-21","21","28.0","150","5","9999","00",여유
KE011,"20:25",LAX,T2,"2025-07-21","20","28.5","150","5","9999","00",여유
KE017,"14:30",LAX,T2,"2025-07-21","14","31.0","150","5","9999","00",여유
KE023,"16:00",SFO,T2,"2025-07-21","16","30.5","150","5","9999","00",여유
KE037,"10:40",ORD,T2,"2025-07-21","10","31.0","150","5","9999","00",여유
KE041,"16:40",SEA,T2,"2025-07-21","16","30.5","150","5","9999","00",여유
KE053,"21:05",HNL,T2,"2025-07-21","21","28.0","150","5","9999","00",여유
KE071,"18:45",YVR,T2,"2025-07-21","18","29.5","150","5","9999","00",여유
KE075,"22:40",YVR,T2,"2025-07-21","22","27.5","150","5","9999","00",여유
KE081,"10:00",JFK,T2,"2025-07-21","10","31.0","150","5","9999","00",여유
KE085,"19:30",JFK,T2,"2025-07-21","19","29.0","150","5","9999","00",여유
KE093,"10:25",IAD,T2,"2025-07-21","10","31.0","150","5","9999","00",여유
KE101,"10:25",NKG,T2,"2025-07-21","10","31.0","150","5","9999","00",여유
KE107,"12:00",HGH,T2,"2025-07-21","12","31.0","150","5","9999","00",여유
KE135,"13:25",HFE,T2,"2025-07-21","13","31.0","150","5","9999","00",여유
KE1405,"17:10",PUS,T2,"2025-07-21","17","30.0","150","5","9999","00",보통
KE1407,"18:25",PUS,T2,"2025-07-21","18","29.5","150","5","9999","00",여유
KE1409,"19:35",PUS,T2,"2025-07-21","19","29.0","150","5","9999","00",여유
KE1431,"19:30",TAE,T2,"2025-07-21","19","29.0","150","5","9999","00",여유
KE161,"18:40",KMG,T2,"2025-07-21","18","29.5","150","5","9999","00",여유
KE169,"10:20",MFM,T2,"2025-07-21","10","31.0","150","5","9999","00",여유
KE175,"13:25",HKG,T2,"2025-07-21","13","31.0","150","5","9999","00",여유
KE177,"19:45",HKG,T2,"2025-07-21","19","29.0","150","5","9999","00",여유
KE185,"10:30",TPE,T2,"2025-07-21","10","31.0","150","5","9999","00",여유
KE187,"16:10",TPE,T2,"2025-07-21","16","30.5","150","5","9999","00",여유
KE189,"15:15",RMQ,T2,"2025-07-21","15","31.0","150","5","9999","00",여유
KE401,"19:10",SYD,T2,"2025-07-21","19","29.0","150","5","9999","00",여유
KE407,"20:05",BNE,T2,"2025-07-21","20","28.5","150","5","9999","00",여유
KE411,"18:00",AKL,T2,"2025-07-21","18","29.5","150","5","9999","00",여유
KE423,"18:40",GUM,T2,"2025-07-21","18","29.5","150","5","9999","00",여유
KE453,"18:45",HAN,T2,"2025-07-21","18","29.5","150","5","9999","00",여유
KE461,"18:20",DAD,T2,"2025-07-21","18","29.5","150","5","9999","00",여유
KE467,"20:00",CXR,T2,"2025-07-21","20","28.5","150","5","9999","00",여유
KE475,"18:45",SGN,T2,"2025-07-21","18","29.5","150","5","9999","00",여유
KE477,"19:45",SGN,T2,"2025-07-21","19","29.0","150","5","9999","00",여유
KE489,"17:15",RGN,T2,"2025-07-21","17","30.0","150","5","9999","00",보통
KE5007,"20:45",YYC,T1,"2025-07-21","20","28.5","150","5","9999","00",보통
KE5031,"17:25",DFW,T1,"2025-07-21","17","30.0","150","5","9999","00",보통
KE5035,"18:50",ATL,T2,"2025-07-21","18","29.5","150","5","9999","00",여유
KE5039,"16:25",ATL,T2,"2025-07-21","16","30.5","150","5","9999","00",여유
KE5065,"19:55",BKK,T2,"2025-07-21","19","29.0","150","5","9999","00",여유
KE5067,"17:25",HKT,T2,"2025-07-21","17","30.0","150","5","9999","00",보통
KE5075,"12:10",FUK,T2,"2025-07-21","12","31.0","150","5","9999","00",여유
KE5077,"16:00",FUK,T2,"2025-07-21","16","30.5","150","5","9999","00",여유
KE5081,"16:20",NGO,T2,"2025-07-21","16","30.5","150","5","9999","00",여유
KE5089,"17:10",CNX,T2,"2025-07-21","17","30.0","150","5","9999","00",보통
KE5471,"11:45",CMB,T1,"2025-07-21","11","31.0","150","5","9999","00",보통
KE5629,"11:25",DPS,T2,"2025-07-21","11","31.0","150","5","9999","00",여유
KE5643,"10:35",CGK,T2,"2025-07-21","10","31.0","150","5","9999","00",여유
KE5671,"11:00",KUL,T1,"2025-07-21","11","31.0","150","5","9999","00",보통
KE5673,"11:05",DAD,T1,"2025-07-21","11","31.0","150","5","9999","00",보통
KE5675,"17:55",SGN,T1,"2025-07-21","17","30.0","150","5","9999","00",보통
KE5681,"10:35",SGN,T1,"2025-07-21","10","31.0","150","5","9999","00",보통
KE5683,"10:05",HAN,T1,"2025-07-21","10","31.0","150","5","9999","00",보통
KE5689,"18:05",HAN,T1,"2025-07-21","18","29.5","150","5","9999","00",보통
KE5691,"12:35",TPE,T2,"2025-07-21","12","31.0","150","5","9999","00",여유
KE5693,"20:35",TPE,T2,"2025-07-21","20","28.5","150","5","9999","00",여유
KE5699,"12:05",KHH,T2,"2025-07-21","12","31.0","150","5","9999","00",여유
KE5749,"16:15",KKJ,T2,"2025-07-21","16","30.5","150","5","9999","00",여유
KE5761,"19:10",BKI,T2,"2025-07-21","19","29.0","150","5","9999","00",여유
KE5763,"21:25",CRK,T2,"2025-07-21","21","28.0","150","5","9999","00",여유
KE5769,"20:25",DAD,T2,"2025-07-21","20","28.5","150","5","9999","00",여유
KE5781,"21:45",CEB,T2,"2025-07-21","21","28.0","150","5","9999","00",여유
KE5841,"16:35",TAO,T1,"2025-07-21","16","30.5","150","5","9999","00",보통
KE5843,"13:10",TAO,T1,"2025-07-21","13","31.0","150","5","9999","00",보통
KE5847,"11:35",YNT,T1,"2025-07-21","11","31.0","150","5","9999","00",보통
KE5849,"14:15",WEH,T1,"2025-07-21","14","31.0","150","5","9999","00",보통
KE5851,"15:55",YNT,T1,"2025-07-21","15","31.0","150","5","9999","00",보통
KE5853,"12:00",TAO,T1,"2025-07-21","12","31.0","150","5","9999","00",보통
KE5857,"12:55",PVG,T1,"2025-07-21","12","31.0","150","5","9999","00",보통
KE5859,"12:15",NKG,T1,"2025-07-21","12","31.0","150","5","9999","00",보통
KE5867,"14:20",UBN,T1,"2025-07-21","14","31.0","150","5","9999","00",보통
KE5871,"14:15",XIY,T1,"2025-07-21","14","31.0","150","5","9999","00",보통
KE5873,"15:40",YNJ,T1,"2025-07-21","15","31.0","150","5","9999","00",보통
KE5877,"11:50",HGH,T1,"2025-07-21","11","31.0","150","5","9999","00",보통
KE5885,"16:20",PVG,T1,"2025-07-21","16","30.5","150","5","9999","00",보통
KE5887,"13:30",XMN,T2,"2025-07-21","13","31.0","150","5","9999","00",여유
KE5893,"18:25",PVG,T1,"2025-07-21","18","29.5","150","5","9999","00",보통
KE5895,"20:15",NKG,T1,"2025-07-21","20","28.5","150","5","9999","00",보통
KE5897,"20:35",FOC,T2,"2025-07-21","20","28.5","150","5","9999","00",여유
KE5925,"22:25",AMS,T2,"2025-07-21","22","27.5","150","5","9999","00",여유
KE5941,"10:10",TAS,T1,"2025-07-21","10","31.0","150","5","9999","00",보통
KE5951,"23:55",DXB,T1,"2025-07-21","23","27.0","150","5","9999","00",여유
KE615,"20:05",CEB,T2,"2025-07-21","20","28.5","150","5","9999","00",여유
KE619,"22:35",MNL,T2,"2025-07-21","22","27.5","150","5","9999","00",여유
KE623,"18:50",MNL,T2,"2025-07-21","18","29.5","150","5","9999","00",여유
KE625,"20:15",MNL,T2,"2025-07-21","20","28.5","150","5","9999","00",여유
KE627,"15:10",CGK,T2,"2025-07-21","15","31.0","150","5","9999","00",여유
KE629,"17:45",DPS,T2,"2025-07-21","17","30.0","150","5","9999","00",보통
KE633,"16:10",DPS,T2,"2025-07-21","16","30.5","150","5","9999","00",여유
KE643,"14:45",SIN,T2,"2025-07-21","14","31.0","150","5","9999","00",여유
KE645,"18:40",SIN,T2,"2025-07-21","18","29.5","150","5","9999","00",여유
KE647,"23:35",SIN,T2,"2025-07-21","23","27.0","150","5","9999","00",여유
KE651,"18:05",BKK,T2,"2025-07-21","18","29.5","150","5","9999","00",여유
KE655,"21:15",BKK,T2,"2025-07-21","21","28.0","150","5","9999","00",여유
KE659,"19:45",BKK,T2,"2025-07-21","19","29.0","150","5","9999","00",여유
KE663,"17:50",HKT,T2,"2025-07-21","17","30.0","150","5","9999","00",보통
KE667,"18:25",CNX,T2,"2025-07-21","18","29.5","150","5","9999","00",여유
KE671,"16:20",KUL,T2,"2025-07-21","16","30.5","150","5","9999","00",여유
KE689,"18:50",PNH,T2,"2025-07-21","18","29.5","150","5","9999","00",여유
KE695,"13:35",KTM,T2,"2025-07-21","13","31.0","150","5","9999","00",여유
KE703,"10:10",NRT,T2,"2025-07-21","10","31.0","150","5","9999","00",여유
KE705,"18:35",NRT,T2,"2025-07-21","18","29.5","150","5","9999","00",여유
KE711,"13:00",NRT,T2,"2025-07-21","13","31.0","150","5","9999","00",여유
KE713,"17:05",NRT,T2,"2025-07-21","17","30.0","150","5","9999","00",보통
KE719,"20:30",HND,T2,"2025-07-21","20","28.5","150","5","9999","00",여유
KE721,"19:00",KIX,T2,"2025-07-21","19","29.0","150","5","9999","00",여유
KE725,"15:05",KIX,T2,"2025-07-21","15","31.0","150","5","9999","00",여유
KE7273,"10:15",DTW,T2,"2025-07-21","10","31.0","150","5","9999","00",여유
KE733,"15:50",UKB,T2,"2025-07-21","15","31.0","150","5","9999","00",여유
KE741,"10:35",NGO,T2,"2025-07-21","10","31.0","150","5","9999","00",여유
KE743,"18:50",NGO,T2,"2025-07-21","18","29.5","150","5","9999","00",여유
KE765,"10:05",CTS,T2,"2025-07-21","10","31.0","150","5","9999","00",여유
KE769,"12:35",CTS,T2,"2025-07-21","12","31.0","150","5","9999","00",여유
KE781,"18:40",FUK,T2,"2025-07-21","18","29.5","150","5","9999","00",여유
KE789,"13:45",FUK,T2,"2025-07-21","13","31.0","150","5","9999","00",여유
KE7895,"21:25",HNL,T1,"2025-07-21","21","28.0","150","5","9999","00",여유
KE803,"12:35",TSN,T2,"2025-07-21","12","31.0","150","5","9999","00",여유
KE843,"13:05",TAO,T2,"2025-07-21","13","31.0","150","5","9999","00",여유
KE853,"20:00",PEK,T2,"2025-07-21","20","28.5","150","5","9999","00",여유
KE855,"10:40",PEK,T2,"2025-07-21","10","31.0","150","5","9999","00",여유
KE869,"13:00",DLC,T2,"2025-07-21","13","31.0","150","5","9999","00",여유
KE871,"18:35",DLC,T2,"2025-07-21","18","29.5","150","5","9999","00",여유
KE895,"18:55",PVG,T2,"2025-07-21","18","29.5","150","5","9999","00",여유
KE897,"11:10",PVG,T2,"2025-07-21","11","31.0","150","5","9999","00",여유
KE901,"11:10",CDG,T2,"2025-07-21","11","31.0","150","5","9999","00",여유
KE907,"10:55",LHR,T2,"2025-07-21","10","31.0","150","5","9999","00",여유
KE925,"11:55",AMS,T2,"2025-07-21","11","31.0","150","5","9999","00",여유
KE927,"13:40",MXP,T2,"2025-07-21","13","31.0","150","5","9999","00",여유
KE931,"13:20",FCO,T2,"2025-07-21","13","31.0","150","5","9999","00",여유
KE937,"10:40",VIE,T2,"2025-07-21","10","31.0","150","5","9999","00",여유
KE951,"13:25",DXB,T2,"2025-07-21","13","31.0","150","5","9999","00",여유
KE955,"13:40",IST,T2,"2025-07-21","13","31.0","150","5","9999","00",여유
KE963,"12:35",BUD,T2,"2025-07-21","12","31.0","150","5","9999","00",여유
KE969,"10:45",PRG,T2,"2025-07-21","10","31.0","150","5","9999","00",여유
KL200,"11:55",AMS,T2,"2025-07-21","11","31.0","150","5","9999","00",여유
KL3396,"19:35",PUS,T2,"2025-07-21","19","29.0","150","5","9999","00",여유
KL4245,"18:00",AKL,T2,"2025-07-21","18","29.5","150","5","9999","00",여유
KL4247,"12:35",CTS,T2,"2025-07-21","12","31.0","150","5","9999","00",여유
KL4249,"18:25",PUS,T2,"2025-07-21","18","29.5","150","5","9999","00",여유
KL4251,"10:35",NGO,T2,"2025-07-21","10","31.0","150","5","9999","00",여유
KL4255,"10:05",CTS,T2,"2025-07-21","10","31.0","150","5","9999","00",여유
KL4258,"18:40",FUK,T2,"2025-07-21","18","29.5","150","5","9999","00",여유
KL856,"22:25",AMS,T2,"2025-07-21","22","27.5","150","5","9999","00",여유
KL9160,"19:10",SYD,T2,"2025-07-21","19","29.0","150","5","9999","00",여유
KL9162,"20:05",BNE,T2,"2025-07-21","20","28.5","150","5","9999","00",여유
KL9841,"13:45",FUK,T2,"2025-07-21","13","31.0","150","5","9999","00",여유
KL9848,"18:50",NGO,T2,"2025-07-21","18","29.5","150","5","9999","00",여유
KQ5103,"19:45",BKK,T2,"2025-07-21","19","29.0","150","5","9999","00",여유
LA5113,"11:40",MEX,T2,"2025-07-21","11","31.0","150","5","9999","00",여유
LA8426,"20:25",LAX,T2,"2025-07-21","20","28.5","150","5","9999","00",여유
LA8428,"14:30",LAX,T2,"2025-07-21","14","31.0","150","5","9999","00",여유
LH713,"12:25",FRA,T1,"2025-07-21","12","31.0","150","5","9999","00",보통
LH719,"11:40",MUC,T1,"2025-07-21","11","31.0","150","5","9999","00",보통
LJ001,"19:55",BKK,T2,"2025-07-21","19","29.0","150","5","9999","00",여유
LJ005,"17:25",HKT,T2,"2025-07-21","17","30.0","150","5","9999","00",보통
LJ009,"17:10",CNX,T2,"2025-07-21","17","30.0","150","5","9999","00",보통
LJ031,"21:45",CEB,T2,"2025-07-21","21","28.0","150","5","9999","00",여유
LJ037,"21:25",CRK,T2,"2025-07-21","21","28.0","150","5","9999","00",여유
LJ043,"20:50",TAG,T2,"2025-07-21","20","28.5","150","5","9999","00",여유
LJ081,"20:25",DAD,T2,"2025-07-21","20","28.5","150","5","9999","00",여유
LJ087,"19:25",CXR,T2,"2025-07-21","19","29.0","150","5","9999","00",여유
LJ091,"17:05",PQC,T2,"2025-07-21","17","30.0","150","5","9999","00",보통
LJ131,"19:10",BKI,T2,"2025-07-21","19","29.0","150","5","9999","00",여유
LJ209,"14:45",NRT,T2,"2025-07-21","14","31.0","150","5","9999","00",여유
LJ211,"15:35",NRT,T2,"2025-07-21","15","31.0","150","5","9999","00",여유
LJ233,"10:10",KIX,T2,"2025-07-21","10","31.0","150","5","9999","00",여유
LJ237,"14:40",KIX,T2,"2025-07-21","14","31.0","150","5","9999","00",여유
LJ239,"16:05",KIX,T2,"2025-07-21","16","30.5","150","5","9999","00",여유
LJ263,"12:10",FUK,T2,"2025-07-21","12","31.0","150","5","9999","00",여유
LJ265,"16:00",FUK,T2,"2025-07-21","16","30.5","150","5","9999","00",여유
LJ271,"17:00",FUK,T2,"2025-07-21","17","30.0","150","5","9999","00",보통
LJ303,"15:20",CTS,T2,"2025-07-21","15","31.0","150","5","9999","00",여유
LJ347,"16:20",NGO,T2,"2025-07-21","16","30.5","150","5","9999","00",여유
LJ351,"16:15",KKJ,T2,"2025-07-21","16","30.5","150","5","9999","00",여유
LJ359,"14:30",TAK,T2,"2025-07-21","14","31.0","150","5","9999","00",여유
LJ861,"13:50",TAO,T2,"2025-07-21","13","31.0","150","5","9999","00",여유
LJ917,"20:50",GUM,T2,"2025-07-21","20","28.5","150","5","9999","00",여유
LO098,"11:20",WAW,T1,"2025-07-21","11","31.0","150","5","9999","00",보통
LX123,"10:05",ZRH,T1,"2025-07-21","10","31.0","150","5","9999","00",보통
LY9630,"18:30",AUH,T1,"2025-07-21","18","29.5","150","5","9999","00",보통
M0602,"16:20",UBN,T1,"2025-07-21","16","30.5","150","5","9999","00",보통
MF872,"13:30",XMN,T2,"2025-07-21","13","31.0","150","5","9999","00",여유
MF878,"20:35",FOC,T2,"2025-07-21","20","28.5","150","5","9999","00",여유
MF9088,"18:55",PVG,T2,"2025-07-21","18","29.5","150","5","9999","00",여유
MF9090,"11:10",PVG,T2,"2025-07-21","11","31.0","150","5","9999","00",여유
MF9094,"10:40",PEK,T2,"2025-07-21","10","31.0","150","5","9999","00",여유
MF9096,"20:00",PEK,T2,"2025-07-21","20","28.5","150","5","9999","00",여유
MF9596,"12:35",TSN,T2,"2025-07-21","12","31.0","150","5","9999","00",여유
MF9598,"12:00",HGH,T2,"2025-07-21","12","31.0","150","5","9999","00",여유
MH067,"11:00",KUL,T1,"2025-07-21","11","31.0","150","5","9999","00",보통
MH5621,"16:20",KUL,T2,"2025-07-21","16","30.5","150","5","9999","00",여유
MH9428,"17:25",DFW,T1,"2025-07-21","17","30.0","150","5","9999","00",보통
MM704,"10:20",KIX,T1,"2025-07-21","10","31.0","150","5","9999","00",보통
MM708,"15:20",KIX,T1,"2025-07-21","15","31.0","150","5","9999","00",보통
MM710,"21:00",KIX,T1,"2025-07-21","21","28.0","150","5","9999","00",여유
MM808,"22:35",HND,T1,"2025-07-21","22","27.5","150","5","9999","00",여유
MS8089,"18:30",AUH,T1,"2025-07-21","18","29.5","150","5","9999","00",보통
MU2018,"14:15",WEH,T1,"2025-07-21","14","31.0","150","5","9999","00",보통
MU2034,"13:10",TAO,T1,"2025-07-21","13","31.0","150","5","9999","00",보통
MU2040,"12:00",TAO,T1,"2025-07-21","12","31.0","150","5","9999","00",보통
MU2074,"15:50",PKX,T1,"2025-07-21","15","31.0","150","5","9999","00",보통
MU268,"15:55",YNT,T1,"2025-07-21","15","31.0","150","5","9999","00",보통
MU2922,"20:15",NKG,T1,"2025-07-21","20","28.5","150","5","9999","00",보통
MU2990,"19:40",WUX,T1,"2025-07-21","19","29.0","150","5","9999","00",보통
MU5012,"16:35",PVG,T1,"2025-07-21","16","30.5","150","5","9999","00",보통
MU5022,"14:15",XIY,T1,"2025-07-21","14","31.0","150","5","9999","00",보통
MU5034,"16:20",PVG,T1,"2025-07-21","16","30.5","150","5","9999","00",보통
MU5042,"12:55",PVG,T1,"2025-07-21","12","31.0","150","5","9999","00",보통
MU5072,"11:50",HGH,T1,"2025-07-21","11","31.0","150","5","9999","00",보통
MU550,"11:35",YNT,T1,"2025-07-21","11","31.0","150","5","9999","00",보통
MU560,"16:35",TAO,T1,"2025-07-21","16","30.5","150","5","9999","00",보통
MU580,"12:15",NKG,T1,"2025-07-21","12","31.0","150","5","9999","00",보통
MU8604,"18:25",PVG,T1,"2025-07-21","18","29.5","150","5","9999","00",보통
MU892,"15:40",YNJ,T1,"2025-07-21","15","31.0","150","5","9999","00",보통
MU8932,"18:55",PVG,T2,"2025-07-21","18","29.5","150","5","9999","00",여유
MU8934,"11:10",PVG,T2,"2025-07-21","11","31.0","150","5","9999","00",여유
MU8938,"13:05",TAO,T2,"2025-07-21","13","31.0","150","5","9999","00",여유
MU8956,"10:25",NKG,T2,"2025-07-21","10","31.0","150","5","9999","00",여유
MU8958,"13:00",DLC,T2,"2025-07-21","13","31.0","150","5","9999","00",여유
MU8960,"12:00",HGH,T2,"2025-07-21","12","31.0","150","5","9999","00",여유
MU8966,"18:40",KMG,T2,"2025-07-21","18","29.5","150","5","9999","00",여유
NH5340,"17:40",NRT,T1,"2025-07-21","17","30.0","150","5","9999","00",보통
NH6896,"21:10",HND,T1,"2025-07-21","21","28.0","150","5","9999","00",여유
NH6898,"18:20",FUK,T1,"2025-07-21","18","29.5","150","5","9999","00",보통
NH6942,"11:30",KMJ,T1,"2025-07-21","11","31.0","150","5","9999","00",보통
NH6954,"14:05",KIX,T1,"2025-07-21","14","31.0","150","5","9999","00",보통
NH6956,"19:20",KIX,T1,"2025-07-21","19","29.0","150","5","9999","00",보통
NH6960,"12:30",FUK,T1,"2025-07-21","12","31.0","150","5","9999","00",보통
NH6966,"16:00",NGO,T1,"2025-07-21","16","30.5","150","5","9999","00",보통
NH6976,"15:45",NRT,T1,"2025-07-21","15","31.0","150","5","9999","00",보통
NH6978,"18:30",NRT,T1,"2025-07-21","18","29.5","150","5","9999","00",보통
NQ122,"13:35",NRT,T1,"2025-07-21","13","31.0","150","5","9999","00",보통
NX821,"14:15",MFM,T1,"2025-07-21","14","31.0","150","5","9999","00",보통
NZ4056,"15:45",NRT,T1,"2025-07-21","15","31.0","150","5","9999","00",보통
NZ4925,"19:45",TPE,T1,"2025-07-21","19","29.0","150","5","9999","00",보통
NZ4929,"12:00",TPE,T1,"2025-07-21","12","31.0","150","5","9999","00",보통
OM302,"14:20",UBN,T1,"2025-07-21","14","31.0","150","5","9999","00",보통
OM6231,"18:40",SIN,T2,"2025-07-21","18","29.5","150","5","9999","00",여유
OM6521,"19:10",SYD,T2,"2025-07-21","19","29.0","150","5","9999","00",여유
OM6531,"20:05",BNE,T2,"2025-07-21","20","28.5","150","5","9999","00",여유
OM6705,"15:05",KIX,T2,"2025-07-21","15","31.0","150","5","9999","00",여유
OM6711,"18:40",FUK,T2,"2025-07-21","18","29.5","150","5","9999","00",여유
OM6715,"10:35",NGO,T2,"2025-07-21","10","31.0","150","5","9999","00",여유
OM6717,"18:50",NGO,T2,"2025-07-21","18","29.5","150","5","9999","00",여유
OS8052,"19:30",BKK,T1,"2025-07-21","19","29.0","150","5","9999","00",보통
OZ106,"15:45",NRT,T1,"2025-07-21","15","31.0","150","5","9999","00",보통
OZ108,"18:30",NRT,T1,"2025-07-21","18","29.5","150","5","9999","00",보통
OZ114,"14:05",KIX,T1,"2025-07-21","14","31.0","150","5","9999","00",보통
OZ116,"19:20",KIX,T1,"2025-07-21","19","29.0","150","5","9999","00",보통
OZ118,"16:05",KIX,T1,"2025-07-21","16","30.5","150","5","9999","00",보통
OZ124,"16:00",NGO,T1,"2025-07-21","16","30.5","150","5","9999","00",보통
OZ134,"12:30",FUK,T1,"2025-07-21","12","31.0","150","5","9999","00",보통
OZ136,"18:20",FUK,T1,"2025-07-21","18","29.5","150","5","9999","00",보통
OZ160,"11:30",KMJ,T1,"2025-07-21","11","31.0","150","5","9999","00",보통
OZ178,"21:10",HND,T1,"2025-07-21","21","28.0","150","5","9999","00",여유
OZ202,"14:40",LAX,T1,"2025-07-21","14","31.0","150","5","9999","00",보통
OZ204,"20:40",LAX,T1,"2025-07-21","20","28.5","150","5","9999","00",보통
OZ212,"20:55",SFO,T1,"2025-07-21","20","28.5","150","5","9999","00",보통
OZ224,"21:05",JFK,T1,"2025-07-21","21","28.0","150","5","9999","00",여유
OZ232,"20:20",HNL,T1,"2025-07-21","20","28.5","150","5","9999","00",보통
OZ272,"18:20",SEA,T1,"2025-07-21","18","29.5","150","5","9999","00",보통
OZ321,"21:10",CSX,T1,"2025-07-21","21","28.0","150","5","9999","00",여유
OZ323,"20:00",TFU,T1,"2025-07-21","20","28.5","150","5","9999","00",보통
OZ333,"12:50",PEK,T1,"2025-07-21","12","31.0","150","5","9999","00",보통
OZ335,"14:50",PEK,T1,"2025-07-21","14","31.0","150","5","9999","00",보통
OZ339,"12:15",HRB,T1,"2025-07-21","12","31.0","150","5","9999","00",보통
OZ347,"10:00",XIY,T1,"2025-07-21","10","31.0","150","5","9999","00",보통
OZ349,"12:30",NKG,T1,"2025-07-21","12","31.0","150","5","9999","00",보통
OZ3513,"15:20",YNJ,T1,"2025-07-21","15","31.0","150","5","9999","00",보통
OZ353,"21:55",CKG,T1,"2025-07-21","21","28.0","150","5","9999","00",여유
OZ355,"21:00",CAN,T1,"2025-07-21","21","28.0","150","5","9999","00",여유
OZ359,"12:30",HGH,T1,"2025-07-21","12","31.0","150","5","9999","00",보통
OZ363,"10:45",PVG,T1,"2025-07-21","10","31.0","150","5","9999","00",보통
OZ365,"14:00",PVG,T1,"2025-07-21","14","31.0","150","5","9999","00",보통
OZ367,"20:00",PVG,T1,"2025-07-21","20","28.5","150","5","9999","00",보통
OZ371,"10:00",SZX,T1,"2025-07-21","10","31.0","150","5","9999","00",보통
OZ501,"10:45",CDG,T1,"2025-07-21","10","31.0","150","5","9999","00",보통
OZ521,"12:20",LHR,T1,"2025-07-21","12","31.0","150","5","9999","00",보통
OZ573,"16:15",TAS,T1,"2025-07-21","16","30.5","150","5","9999","00",보통
OZ577,"18:15",ALA,T1,"2025-07-21","18","29.5","150","5","9999","00",보통
OZ601,"20:10",SYD,T1,"2025-07-21","20","28.5","150","5","9999","00",보통
OZ6102,"17:45",YVR,T1,"2025-07-21","17","30.0","150","5","9999","00",보통
OZ6114,"19:05",YYZ,T1,"2025-07-21","19","29.0","150","5","9999","00",보통
OZ6614,"16:50",SFO,T1,"2025-07-21","16","30.5","150","5","9999","00",보통
OZ6620,"11:30",SFO,T1,"2025-07-21","11","31.0","150","5","9999","00",보통
OZ6701,"11:45",TNA,T1,"2025-07-21","11","31.0","150","5","9999","00",보통
OZ6703,"22:55",TAO,T1,"2025-07-21","22","27.5","150","5","9999","00",여유
OZ6705,"23:40",TNA,T1,"2025-07-21","23","27.0","150","5","9999","00",여유
OZ6707,"21:45",TAO,T1,"2025-07-21","21","28.0","150","5","9999","00",여유
OZ6709,"12:15",TAO,T1,"2025-07-21","12","31.0","150","5","9999","00",보통
OZ6711,"14:00",TAO,T1,"2025-07-21","14","31.0","150","5","9999","00",보통
OZ6713,"16:45",TAO,T1,"2025-07-21","16","30.5","150","5","9999","00",보통
OZ6715,"15:30",TAO,T1,"2025-07-21","15","31.0","150","5","9999","00",보통
OZ6719,"22:15",YNT,T1,"2025-07-21","22","27.5","150","5","9999","00",여유
OZ6725,"11:20",SIN,T1,"2025-07-21","11","31.0","150","5","9999","00",보통
OZ6737,"10:20",BKK,T1,"2025-07-21","10","31.0","150","5","9999","00",보통
OZ6763,"17:25",BKK,T1,"2025-07-21","17","30.0","150","5","9999","00",보통
OZ6789,"16:45",SIN,T1,"2025-07-21","16","30.5","150","5","9999","00",보통
OZ6803,"17:50",PEK,T1,"2025-07-21","17","30.0","150","5","9999","00",보통
OZ6805,"10:50",PEK,T1,"2025-07-21","10","31.0","150","5","9999","00",보통
OZ6807,"13:05",PEK,T1,"2025-07-21","13","31.0","150","5","9999","00",보통
OZ6811,"13:10",TSN,T1,"2025-07-21","13","31.0","150","5","9999","00",보통
OZ6825,"14:20",YNJ,T1,"2025-07-21","14","31.0","150","5","9999","00",보통
OZ6827,"13:45",HGH,T1,"2025-07-21","13","31.0","150","5","9999","00",보통
OZ6831,"14:55",TFU,T1,"2025-07-21","14","31.0","150","5","9999","00",보통
OZ6847,"14:10",CKG,T1,"2025-07-21","14","31.0","150","5","9999","00",보통
OZ6867,"14:15",MFM,T1,"2025-07-21","14","31.0","150","5","9999","00",보통
OZ6869,"13:45",TPE,T1,"2025-07-21","13","31.0","150","5","9999","00",보통
OZ6871,"19:45",TPE,T1,"2025-07-21","19","29.0","150","5","9999","00",보통
OZ6873,"12:00",TPE,T1,"2025-07-21","12","31.0","150","5","9999","00",보통
OZ6875,"20:45",KHH,T1,"2025-07-21","20","28.5","150","5","9999","00",보통
OZ6881,"16:40",SZX,T1,"2025-07-21","16","30.5","150","5","9999","00",보통
OZ6883,"14:40",SZX,T1,"2025-07-21","14","31.0","150","5","9999","00",보통
OZ6931,"23:20",IST,T1,"2025-07-21","23","27.0","150","5","9999","00",여유
OZ6933,"10:20",IST,T1,"2025-07-21","10","31.0","150","5","9999","00",보통
OZ6961,"11:10",ALA,T1,"2025-07-21","11","31.0","150","5","9999","00",보통
OZ6970,"18:30",AUH,T1,"2025-07-21","18","29.5","150","5","9999","00",보통
OZ703,"19:15",MNL,T1,"2025-07-21","19","29.0","150","5","9999","00",보통
OZ707,"21:55",CRK,T1,"2025-07-21","21","28.0","150","5","9999","00",여유
OZ711,"10:15",TPE,T1,"2025-07-21","10","31.0","150","5","9999","00",보통
OZ713,"14:20",TPE,T1,"2025-07-21","14","31.0","150","5","9999","00",보통
OZ733,"19:30",HAN,T1,"2025-07-21","19","29.0","150","5","9999","00",보통
OZ735,"19:25",SGN,T1,"2025-07-21","19","29.0","150","5","9999","00",보통
OZ739,"19:30",PNH,T1,"2025-07-21","19","29.0","150","5","9999","00",보통
OZ741,"19:30",BKK,T1,"2025-07-21","19","29.0","150","5","9999","00",보통
OZ745,"19:50",HKG,T1,"2025-07-21","19","29.0","150","5","9999","00",보통
OZ751,"16:10",SIN,T1,"2025-07-21","16","30.5","150","5","9999","00",보통
OZ755,"18:50",DAD,T1,"2025-07-21","18","29.5","150","5","9999","00",보통
OZ761,"14:55",CGK,T1,"2025-07-21","14","31.0","150","5","9999","00",보통
OZ765,"19:50",CNX,T1,"2025-07-21","19","29.0","150","5","9999","00",보통
OZ9293,"14:50",HKG,T1,"2025-07-21","14","31.0","150","5","9999","00",보통
OZ9587,"21:30",CXR,T1,"2025-07-21","21","28.0","150","5","9999","00",여유
OZ9760,"17:40",NRT,T1,"2025-07-21","17","30.0","150","5","9999","00",보통
PR469,"20:30",MNL,T1,"2025-07-21","20","28.5","150","5","9999","00",보통
QF5508,"21:50",SYD,T1,"2025-07-21","21","28.0","150","5","9999","00",여유
QF8221,"20:05",HKG,T1,"2025-07-21","20","28.5","150","5","9999","00",보통
QF8224,"15:10",HKG,T1,"2025-07-21","15","31.0","150","5","9999","00",보통
QF8228,"10:10",HKG,T1,"2025-07-21","10","31.0","150","5","9999","00",보통
QF8232,"13:40",HKG,T1,"2025-07-21","13","31.0","150","5","9999","00",보통
QR3488,"10:10",HKG,T1,"2025-07-21","10","31.0","150","5","9999","00",보통
QR3499,"15:10",HKG,T1,"2025-07-21","15","31.0","150","5","9999","00",보통
QR5459,"11:00",KUL,T1,"2025-07-21","11","31.0","150","5","9999","00",보통
QR5829,"13:40",HKG,T1,"2025-07-21","13","31.0","150","5","9999","00",보통
QR5845,"20:05",HKG,T1,"2025-07-21","20","28.5","150","5","9999","00",보통
QV924,"10:40",VTE,T1,"2025-07-21","10","31.0","150","5","9999","00",보통
QW9902,"22:45",TAO,T1,"2025-07-21","22","27.5","150","5","9999","00",여유
RF314,"18:50",KIX,T1,"2025-07-21","18","29.5","150","5","9999","00",보통
RF883,"13:05",TNA,T1,"2025-07-21","13","31.0","150","5","9999","00",보통
RS511,"20:55",DAD,T1,"2025-07-21","20","28.5","150","5","9999","00",보통
RS527,"19:50",CXR,T1,"2025-07-21","19","29.0","150","5","9999","00",보통
RS581,"19:25",TAG,T1,"2025-07-21","19","29.0","150","5","9999","00",보통
RS703,"16:45",NRT,T1,"2025-07-21","16","30.5","150","5","9999","00",보통
RS713,"13:15",KIX,T1,"2025-07-21","13","31.0","150","5","9999","00",보통
RS715,"15:20",KIX,T1,"2025-07-21","15","31.0","150","5","9999","00",보통
RS723,"14:25",FUK,T1,"2025-07-21","14","31.0","150","5","9999","00",보통
RS745,"13:35",YGJ,T1,"2025-07-21","13","31.0","150","5","9999","00",보통
SC124,"13:05",PEK,T1,"2025-07-21","13","31.0","150","5","9999","00",보통
SC126,"13:45",HGH,T1,"2025-07-21","13","31.0","150","5","9999","00",보통
SC128,"14:10",CKG,T1,"2025-07-21","14","31.0","150","5","9999","00",보통
SC150,"17:50",PEK,T1,"2025-07-21","17","30.0","150","5","9999","00",보통
SC4610,"12:15",TAO,T1,"2025-07-21","12","31.0","150","5","9999","00",보통
SC4612,"14:00",TAO,T1,"2025-07-21","14","31.0","150","5","9999","00",보통
SC4614,"15:30",TAO,T1,"2025-07-21","15","31.0","150","5","9999","00",보통
SC4616,"16:45",TAO,T1,"2025-07-21","16","30.5","150","5","9999","00",보통
SC4618,"21:45",TAO,T1,"2025-07-21","21","28.0","150","5","9999","00",여유
SC4620,"22:55",TAO,T1,"2025-07-21","22","27.5","150","5","9999","00",여유
SC7684,"22:15",YNT,T1,"2025-07-21","22","27.5","150","5","9999","00",여유
SC8002,"11:45",TNA,T1,"2025-07-21","11","31.0","150","5","9999","00",보통
SC8004,"23:40",TNA,T1,"2025-07-21","23","27.0","150","5","9999","00",여유
SQ1004,"17:45",YVR,T1,"2025-07-21","17","30.0","150","5","9999","00",보통
SQ5702,"14:40",LAX,T1,"2025-07-21","14","31.0","150","5","9999","00",보통
SQ5704,"20:40",LAX,T1,"2025-07-21","20","28.5","150","5","9999","00",보통
SQ5712,"20:55",SFO,T1,"2025-07-21","20","28.5","150","5","9999","00",보통
SQ5732,"20:20",HNL,T1,"2025-07-21","20","28.5","150","5","9999","00",보통
SQ5751,"16:10",SIN,T1,"2025-07-21","16","30.5","150","5","9999","00",보통
SQ5772,"18:20",SEA,T1,"2025-07-21","18","29.5","150","5","9999","00",보통
SQ601,"16:45",SIN,T1,"2025-07-21","16","30.5","150","5","9999","00",보통
SQ611,"11:20",SIN,T1,"2025-07-21","11","31.0","150","5","9999","00",보통
SV6612,"13:25",DXB,T2,"2025-07-21","13","31.0","150","5","9999","00",여유
SV6919,"10:35",CGK,T2,"2025-07-21","10","31.0","150","5","9999","00",여유
T5678,"22:45",ASB,T1,"2025-07-21","22","27.5","150","5","9999","00",여유
TG6393,"19:45",TPE,T1,"2025-07-21","19","29.0","150","5","9999","00",보통
TG6397,"12:00",TPE,T1,"2025-07-21","12","31.0","150","5","9999","00",보통
TG653,"17:25",BKK,T1,"2025-07-21","17","30.0","150","5","9999","00",보통
TG657,"10:20",BKK,T1,"2025-07-21","10","31.0","150","5","9999","00",보통
TG6705,"19:50",CNX,T1,"2025-07-21","19","29.0","150","5","9999","00",보통
TG6727,"19:30",BKK,T1,"2025-07-21","19","29.0","150","5","9999","00",보통
TG6733,"20:20",HNL,T1,"2025-07-21","20","28.5","150","5","9999","00",보통
TG6737,"14:40",LAX,T1,"2025-07-21","14","31.0","150","5","9999","00",보통
TG6743,"20:40",LAX,T1,"2025-07-21","20","28.5","150","5","9999","00",보통
TG6747,"20:55",SFO,T1,"2025-07-21","20","28.5","150","5","9999","00",보통
TG6753,"18:20",SEA,T1,"2025-07-21","18","29.5","150","5","9999","00",보통
TG6755,"21:05",JFK,T1,"2025-07-21","21","28.0","150","5","9999","00",여유
TK021,"10:20",IST,T1,"2025-07-21","10","31.0","150","5","9999","00",보통
TK091,"23:20",IST,T1,"2025-07-21","23","27.0","150","5","9999","00",여유
TK8092,"16:00",NGO,T1,"2025-07-21","16","30.5","150","5","9999","00",보통
TK8094,"12:30",FUK,T1,"2025-07-21","12","31.0","150","5","9999","00",보통
TK8096,"20:10",SYD,T1,"2025-07-21","20","28.5","150","5","9999","00",보통
TK8379,"17:25",BKK,T1,"2025-07-21","17","30.0","150","5","9999","00",보통
TK8380,"10:20",BKK,T1,"2025-07-21","10","31.0","150","5","9999","00",보통
TK9148,"21:25",HNL,T1,"2025-07-21","21","28.0","150","5","9999","00",여유
TN1575,"13:00",NRT,T2,"2025-07-21","13","31.0","150","5","9999","00",여유
TN1577,"10:10",NRT,T2,"2025-07-21","10","31.0","150","5","9999","00",여유
TR853,"11:30",SIN,T1,"2025-07-21","11","31.0","150","5","9999","00",보통
TR897,"22:35",SIN,T1,"2025-07-21","22","27.5","150","5","9999","00",여유
TW101,"18:00",BKK,T1,"2025-07-21","18","29.5","150","5","9999","00",보통
TW149,"18:15",BKI,T1,"2025-07-21","18","29.5","150","5","9999","00",보통
TW161,"16:10",SIN,T1,"2025-07-21","16","30.5","150","5","9999","00",보통
TW173,"19:50",DAD,T1,"2025-07-21","19","29.0","150","5","9999","00",보통
TW187,"19:00",CXR,T1,"2025-07-21","19","29.0","150","5","9999","00",보통
TW201,"10:05",FUK,T1,"2025-07-21","10","31.0","150","5","9999","00",보통
TW205,"15:00",FUK,T1,"2025-07-21","15","31.0","150","5","9999","00",보통
TW207,"18:05",FUK,T1,"2025-07-21","18","29.5","150","5","9999","00",보통
TW243,"10:20",NRT,T1,"2025-07-21","10","31.0","150","5","9999","00",보통
TW245,"15:00",NRT,T1,"2025-07-21","15","31.0","150","5","9999","00",보통
TW263,"10:10",CTS,T1,"2025-07-21","10","31.0","150","5","9999","00",보통
TW281,"11:00",OKA,T1,"2025-07-21","11","31.0","150","5","9999","00",보통
TW303,"11:10",KIX,T1,"2025-07-21","11","31.0","150","5","9999","00",보통
TW305,"15:55",KIX,T1,"2025-07-21","15","31.0","150","5","9999","00",보통
TW401,"10:10",CDG,T1,"2025-07-21","10","31.0","150","5","9999","00",보통
TW405,"12:35",FCO,T1,"2025-07-21","12","31.0","150","5","9999","00",보통
TW407,"11:05",BCN,T1,"2025-07-21","11","31.0","150","5","9999","00",보통
TW421,"11:20",UBN,T1,"2025-07-21","11","31.0","150","5","9999","00",보통
TW431,"18:30",TAS,T1,"2025-07-21","18","29.5","150","5","9999","00",보통
TW501,"22:10",SYD,T1,"2025-07-21","22","27.5","150","5","9999","00",여유
TW513,"20:30",SPN,T1,"2025-07-21","20","28.5","150","5","9999","00",보통
TW643,"20:05",HKG,T1,"2025-07-21","20","28.5","150","5","9999","00",보통
TW669,"13:55",RMQ,T1,"2025-07-21","13","31.0","150","5","9999","00",보통
TW671,"13:05",KHH,T1,"2025-07-21","13","31.0","150","5","9999","00",보통
UA7285,"14:40",LAX,T1,"2025-07-21","14","31.0","150","5","9999","00",보통
UA7287,"20:40",LAX,T1,"2025-07-21","20","28.5","150","5","9999","00",보통
UA7289,"20:55",SFO,T1,"2025-07-21","20","28.5","150","5","9999","00",보통
UA7291,"18:20",SEA,T1,"2025-07-21","18","29.5","150","5","9999","00",보통
UA7297,"18:30",NRT,T1,"2025-07-21","18","29.5","150","5","9999","00",보통
UA7300,"19:30",PNH,T1,"2025-07-21","19","29.0","150","5","9999","00",보통
UA7302,"21:05",JFK,T1,"2025-07-21","21","28.0","150","5","9999","00",여유
UA7308,"19:50",HKG,T1,"2025-07-21","19","29.0","150","5","9999","00",보통
UA7314,"19:30",HAN,T1,"2025-07-21","19","29.0","150","5","9999","00",보통
UA7322,"15:45",NRT,T1,"2025-07-21","15","31.0","150","5","9999","00",보통
UA806,"11:30",SFO,T1,"2025-07-21","11","31.0","150","5","9999","00",보통
UA892,"16:50",SFO,T1,"2025-07-21","16","30.5","150","5","9999","00",보통
UL2767,"11:00",KUL,T1,"2025-07-21","11","31.0","150","5","9999","00",보통
UL3815,"23:35",SIN,T2,"2025-07-21","23","27.0","150","5","9999","00",여유
UL471,"11:45",CMB,T1,"2025-07-21","11","31.0","150","5","9999","00",보통
UO619,"12:45",HKG,T1,"2025-07-21","12","31.0","150","5","9999","00",보통
UO627,"22:30",HKG,T1,"2025-07-21","22","27.5","150","5","9999","00",여유
UO631,"16:10",HKG,T1,"2025-07-21","16","30.5","150","5","9999","00",보통
UO679,"20:50",HKG,T1,"2025-07-21","20","28.5","150","5","9999","00",보통
VA5671,"16:45",SIN,T1,"2025-07-21","16","30.5","150","5","9999","00",보통
VA5681,"11:20",SIN,T1,"2025-07-21","11","31.0","150","5","9999","00",보통
VJ861,"21:15",SGN,T1,"2025-07-21","21","28.0","150","5","9999","00",여유
VJ863,"11:40",SGN,T1,"2025-07-21","11","31.0","150","5","9999","00",보통
VJ875,"22:45",DAD,T1,"2025-07-21","22","27.5","150","5","9999","00",여유
VJ961,"11:05",HAN,T1,"2025-07-21","11","31.0","150","5","9999","00",보통
VN3401,"18:45",SGN,T2,"2025-07-21","18","29.5","150","5","9999","00",여유
VN3407,"19:45",SGN,T2,"2025-07-21","19","29.0","150","5","9999","00",여유
VN3409,"20:00",CXR,T2,"2025-07-21","20","28.5","150","5","9999","00",여유
VN3411,"18:45",HAN,T2,"2025-07-21","18","29.5","150","5","9999","00",여유
VN3441,"18:20",DAD,T2,"2025-07-21","18","29.5","150","5","9999","00",여유
VN403,"17:55",SGN,T1,"2025-07-21","17","30.0","150","5","9999","00",보통
VN409,"10:35",SGN,T1,"2025-07-21","10","31.0","150","5","9999","00",보통
VN415,"18:05",HAN,T1,"2025-07-21","18","29.5","150","5","9999","00",보통
VN417,"10:05",HAN,T1,"2025-07-21","10","31.0","150","5","9999","00",보통
VN431,"11:05",DAD,T1,"2025-07-21","11","31.0","150","5","9999","00",보통
VS5501,"10:55",LHR,T2,"2025-07-21","10","31.0","150","5","9999","00",여유
VS5503,"18:35",NRT,T2,"2025-07-21","18","29.5","150","5","9999","00",여유
VS5505,"19:00",KIX,T2,"2025-07-21","19","29.0","150","5","9999","00",여유
VS5507,"18:50",NGO,T2,"2025-07-21","18","29.5","150","5","9999","00",여유
VS5509,"18:40",FUK,T2,"2025-07-21","18","29.5","150","5","9999","00",여유
VS5511,"10:05",CTS,T2,"2025-07-21","10","31.0","150","5","9999","00",여유
VS5515,"19:45",HKG,T2,"2025-07-21","19","29.0","150","5","9999","00",여유
VS5517,"18:45",HAN,T2,"2025-07-21","18","29.5","150","5","9999","00",여유
VS5519,"18:45",SGN,T2,"2025-07-21","18","29.5","150","5","9999","00",여유
VS5521,"18:20",DAD,T2,"2025-07-21","18","29.5","150","5","9999","00",여유
VS5523,"19:10",SYD,T2,"2025-07-21","19","29.0","150","5","9999","00",여유
VS5525,"20:05",BNE,T2,"2025-07-21","20","28.5","150","5","9999","00",여유
VS5527,"18:00",AKL,T2,"2025-07-21","18","29.5","150","5","9999","00",여유
VS5529,"20:30",HND,T2,"2025-07-21","20","28.5","150","5","9999","00",여유
WB1217,"17:40",NRT,T1,"2025-07-21","17","30.0","150","5","9999","00",보통
WS087,"20:45",YYC,T1,"2025-07-21","20","28.5","150","5","9999","00",보통
WS6031,"18:40",SIN,T2,"2025-07-21","18","29.5","150","5","9999","00",여유
WS6033,"14:45",SIN,T2,"2025-07-21","14","31.0","150","5","9999","00",여유
WS6035,"19:45",HKG,T2,"2025-07-21","19","29.0","150","5","9999","00",여유
WS6037,"18:45",HAN,T2,"2025-07-21","18","29.5","150","5","9999","00",여유
WS6039,"18:45",SGN,T2,"2025-07-21","18","29.5","150","5","9999","00",여유
WS6041,"18:20",DAD,T2,"2025-07-21","18","29.5","150","5","9999","00",여유
WS6059,"22:40",YVR,T2,"2025-07-21","22","27.5","150","5","9999","00",여유
WS6061,"18:45",YVR,T2,"2025-07-21","18","29.5","150","5","9999","00",여유
WS6065,"23:35",SIN,T2,"2025-07-21","23","27.0","150","5","9999","00",여유
WS6078,"21:15",BKK,T2,"2025-07-21","21","28.0","150","5","9999","00",여유
WY5919,"10:20",BKK,T1,"2025-07-21","10","31.0","150","5","9999","00",보통
XJ701,"11:35",DMK,T1,"2025-07-21","11","31.0","150","5","9999","00",보통
XY3873,"18:30",AUH,T1,"2025-07-21","18","29.5","150","5","9999","00",보통
YP101,"12:45",LAX,T1,"2025-07-21","12","31.0","150","5","9999","00",보통
YP103,"22:05",LAX,T1,"2025-07-21","22","27.5","150","5","9999","00",여유
YP111,"18:20",SFO,T1,"2025-07-21","18","29.5","150","5","9999","00",보통
YP131,"21:30",EWR,T1,"2025-07-21","21","28.0","150","5","9999","00",여유
YP151,"22:30",HNL,T1,"2025-07-21","22","27.5","150","5","9999","00",여유
Z2885,"12:55",MNL,T1,"2025-07-21","12","31.0","150","5","9999","00",보통
ZA216,"11:35",PNH,T1,"2025-07-21","11","31.0","150","5","9999","00",보통
ZE135,"19:30",ALA,T1,"2025-07-21","19","29.0","150","5","9999","00",보통
ZE511,"17:30",BKK,T1,"2025-07-21","17","30.0","150","5","9999","00",보통
ZE517,"18:30",CNX,T1,"2025-07-21","18","29.5","150","5","9999","00",보통
ZE561,"20:55",CXR,T1,"2025-07-21","20","28.5","150","5","9999","00",보통
ZE593,"20:30",DAD,T1,"2025-07-21","20","28.5","150","5","9999","00",보통
ZE603,"15:10",NRT,T1,"2025-07-21","15","31.0","150","5","9999","00",보통
ZE613,"15:15",KIX,T1,"2025-07-21","15","31.0","150","5","9999","00",보통
ZE615,"12:00",KIX,T1,"2025-07-21","12","31.0","150","5","9999","00",보통
ZE623,"14:10",CTS,T1,"2025-07-21","14","31.0","150","5","9999","00",보통
ZE631,"11:30",OKA,T1,"2025-07-21","11","31.0","150","5","9999","00",보통
ZE643,"14:40",FUK,T1,"2025-07-21","14","31.0","150","5","9999","00",보통
ZE871,"22:30",PVG,T1,"2025-07-21","22","27.5","150","5","9999","00",여유
ZG042,"12:55",NRT,T1,"2025-07-21","12","31.0","150","5","9999","00",보통
ZH3302,"10:00",SZX,T1,"2025-07-21","10","31.0","150","5","9999","00",보통
ZH3304,"10:00",XIY,T1,"2025-07-21","10","31.0","150","5","9999","00",보통
ZH3310,"14:50",PEK,T1,"2025-07-21","14","31.0","150","5","9999","00",보통
ZH3310,"21:00",CAN,T1,"2025-07-21","21","28.0","150","5","9999","00",여유
ZH632,"16:40",SZX,T1,"2025-07-21","16","30.5","150","5","9999","00",보통
ZH634,"14:40",SZX,T1,"2025-07-21","14","31.0","150","5","9999","00",보통
